,name,percent
48,nangs delivery near me,100.0
41,melbourne nang delivery,100.0
33,nangs buy,100.0
35,nangs near me,100.0
38,melbourne nangs delivery,100.0
44,nangs sydney,100.0
46,nang delivery,100.0
49,nangs buy melbourne,100.0
19,cream chargers,100.0
50,nangs perth,100.0
89,whipped cream chargers,100.0
30,nangs delivery,100.0
59,melbourne nangs,100.0
39,nang sydney,100.0
81,nangs delivery melbourne,100.0
4,buy nangs,100.0
27,nos fast and furious,100.0
31,nangs melbourne,100.0
82,nangs cream chargers,90.0
3,nangs delivery brisbane,90.0
42,where to buy nangs,88.88888888888889
25,fast and furious,85.71428571428571
75,nitrous oxide buy,80.0
52,where to buy nitrous oxide,77.77777777777779
21,nitrous oxide canister,77.77777777777779
7,buy nitrous oxide canisters,77.77777777777779
0,buy nitrous oxide,70.0
60,nangs brisbane,70.0
51,best nangs,70.0
73,nitrous oxide canisters for sale,70.0
16,nitrous oxide for sale,70.0
13,nitrous oxide whipped cream,70.0
12,nitrous oxide canisters,66.66666666666666
37,nang city,60.0
83,all night nangs,57.14285714285714
80,nitrous oxide tank,50.0
35,nang cracker,50.0
79,calcium oxide,50.0
90,whipped cream dispenser,33.33333333333333
50,carbon dioxide extinguisher,30.0
10,nang,30.0
82,nitric oxide chemist warehouse,20.0
45,ao nang beach,12.5
9,nos parts,12.5
14,nos kit,11.11111111111111
15,nos bottle,11.11111111111111
4,no nos,11.11111111111111
26,nos system,11.11111111111111
80,nitric oxide function,11.11111111111111
66,iron oxide,10.0
10,nos nitrous,10.0
87,nitric oxide nasal spray,10.0
45,how to do nangs,10.0
43,nangs illegal,10.0
26,nitric oxide spray,10.0
8,what is nitrogen,0.0
10,nitrogen cycle,0.0
77,nitrous oxide flammable,0.0
21,atmosphere,0.0
76,nitrous oxide laughing gas,0.0
20,nitrogen in soil,0.0
19,nitrogen fertiliser,0.0
18,nitrogen element,0.0
11,nitrogen fertilizer,0.0
12,nitrogen formula,0.0
17,nitrogen electrons,0.0
16,phosphorus,0.0
15,the nitrogen cycle,0.0
14,nitrogen mass,0.0
13,nitrogen periodic table,0.0
9,carbon,0.0
94,tell me the formula for sodium hypobromite,0.0
78,nitrous oxide dentist,0.0
89,nitric oxide booster,0.0
95,tell me the formula for sodium hydride,0.0
92,nitrate,0.0
96,global warming,0.0
91,inhaled nitric oxide,0.0
97,climate change,0.0
98,burning methane,0.0
90,nitric oxide side effects,0.0
99,methane sibo,0.0
86,greenhouse gases,0.0
87,formula for methane,0.0
88,l arginine,0.0
6,nangs side effects,0.0
86,beetroot nitric oxide,0.0
85,nitric oxide gas,0.0
88,side effects of nitrous oxide,0.0
84,increase nitric oxide,0.0
1,nitrous oxide dental,0.0
80,nitrous oxide effects on brain,0.0
93,liquid nitrogen,0.0
3,what is nitrous oxide made of,0.0
79,nitrous oxide emissions,0.0
5,nitrous oxide nangs,0.0
2,no2,0.0
0,nitrous oxide,0.0
22,sodium,0.0
58,is methane a greenhouse gas,0.0
62,nangs addiction,0.0
63,nitrous oxide medical use,0.0
64,nitrate oxide,0.0
65,no nitric oxide,0.0
66,nitric oxide blood pressure,0.0
67,what does nitric oxide do,0.0
68,nitric oxide boost,0.0
69,citrulline,0.0
70,nitric oxide test,0.0
71,is methane a gas,0.0
72,methane production,0.0
73,cow methane,0.0
74,nitrogen monoxide formula,0.0
75,nitrogen oxide symbol,0.0
76,nitrogen meaning,0.0
77,what does nitrogen do,0.0
78,nitrogen for plants,0.0
79,n2o,0.0
81,how is nitrous oxide produced,0.0
82,is nitrogen a greenhouse gas,0.0
83,how is carbon dioxide produced,0.0
84,is nitrous oxide laughing gas,0.0
85,happy gas,0.0
1,nitrous oxide side effects long-term,0.0
2,nanga,0.0
4,oxide formula,0.0
5,nitric oxide food,0.0
6,nitric oxide lozenges,0.0
7,best nitric oxide supplements,0.0
61,whats nangs,0.0
57,what is laughing gas,0.0
23,potassium,0.0
56,what is the greenhouse effect,0.0
24,mass of nitrogen,0.0
25,sodium oxide,0.0
27,how to increase nitric oxide,0.0
28,cows methane,0.0
29,cattle methane,0.0
30,methane in atmosphere,0.0
31,methane structure,0.0
32,nitrous oxide chemical formula,0.0
33,chemical formula for nitrous oxide,0.0
34,what is carbon dioxide,0.0
35,what is carbon,0.0
74,nitrous oxide use,0.0
37,oxygen and carbon dioxide,0.0
38,carbon dioxide and water,0.0
39,carbon dioxide formula,0.0
40,carbon dioxide in blood,0.0
41,carbon dioxide in atmosphere,0.0
42,what does carbon dioxide do,0.0
43,carbon dioxide in the atmosphere,0.0
44,is carbon dioxide a gas,0.0
45,carbon monoxide,0.0
46,carbon dioxide meaning,0.0
47,is co2 carbon dioxide,0.0
48,photosynthesis,0.0
49,carbon dioxide emissions,0.0
51,respiration,0.0
53,nitrous gas,0.0
54,nitrous oxide poisoning,0.0
55,nitrous oxide drug,0.0
36,carbon dioxide gas,0.0
55,hydrogen,0.0
72,methane combustion equation,0.0
67,is nitrogen oxide a greenhouse gas,0.0
53,nitrogen dioxide,0.0
54,nitrogen gas,0.0
55,nitrogen oxide gas,0.0
56,copper oxide,0.0
57,nitrogen monoxide,0.0
58,aluminium oxide,0.0
59,nitrogen dioxide formula,0.0
60,magnesium oxide,0.0
61,ammonia,0.0
62,periodic table,0.0
63,sulfur dioxide,0.0
64,nitric acid,0.0
65,nitrogen oxide effects,0.0
68,nitrogen trioxide,0.0
71,natural gas,0.0
69,tell me the formula for nitrogen oxide,0.0
70,no3,0.0
71,carbon tetrachloride,0.0
72,nitric oxide supplement,0.0
73,nitric oxide formula,0.0
74,what is nitric oxide,0.0
75,nitric oxide supplements,0.0
76,nitric oxide foods,0.0
77,no,0.0
78,carbonate,0.0
81,nitric acid formula,0.0
83,nitric oxide benefits,0.0
84,nitric oxide synthase,0.0
52,nitrogen oxide formula,0.0
47,nags,0.0
41,nangs australia,0.0
40,nangs effects,0.0
2,what is nitrous oxide,0.0
3,nangs,0.0
4,nitrous oxide effects,0.0
5,nitrous oxide australia,0.0
6,nitrogen oxide,0.0
7,nitric oxide,0.0
8,nitrous dioxide,0.0
9,nos,0.0
11,methane,0.0
14,nitrous oxide formula,0.0
15,nitrous oxide car,0.0
17,carbon dioxide,0.0
18,effects of nitrous oxide,0.0
20,nitrous oxide side effects,0.0
22,co2,0.0
23,what does nitrous oxide do,0.0
24,nitrous oxide sedation,0.0
25,laughing gas,0.0
26,nitrous oxide greenhouse gas,0.0
27,is nitrous oxide a greenhouse gas,0.0
28,what is nitrous oxide used for,0.0
29,where does nitrous oxide come from,0.0
32,what are nangs,0.0
34,nangs meaning,0.0
36,nangs drug,0.0
37,what is nangs,0.0
39,what do nangs do,0.0
85,sulfuric acid,0.0
86,potassium oxide,0.0
87,hydrochloric acid,0.0
40,what is a nang,0.0
43,nang meaning,0.0
44,hanoi,0.0
46,danang,0.0
47,da nang to hoi an,0.0
48,da nang weather,0.0
49,ning nang nong song,0.0
50,ao nang krabi,0.0
51,methane gas,0.0
52,what is methane,0.0
53,methane formula,0.0
54,water,0.0
1,nitrous oxide gas,0.0
56,methane combustion,0.0
57,combustion,0.0
58,methane cows,0.0
59,oxygen,0.0
60,methane emissions,0.0
61,combustion of methane,0.0
62,what is methane gas,0.0
63,ethane,0.0
64,methane meaning,0.0
65,formula of methane,0.0
66,methane molecule,0.0
67,methane chemical formula,0.0
68,propane,0.0
69,methane greenhouse gas,0.0
70,mr methane,0.0
42,the ning nang nong,0.0
38,hoi an,0.0
88,sodium hydroxide,0.0
36,what is nang,0.0
89,zinc oxide,0.0
90,nitric oxide dump,0.0
2,best nitric oxide supplement,0.0
3,nitrous acid,0.0
5,liga nos,0.0
6,nos meaning,0.0
7,what is nos,0.0
8,nos nieuws,0.0
11,nos news,0.0
12,nos car,0.0
13,nos da,0.0
16,covid nos today,0.0
17,nos vemos,0.0
18,nos drink,0.0
19,pdd nos,0.0
20,nos journaal,0.0
21,nps,0.0
22,nos energy drink,0.0
23,nos gas,0.0
24,what does nos mean,0.0
28,da nang,0.0
29,vietnam,0.0
30,da nang vietnam,0.0
31,ning nang,0.0
32,ning nang nong,0.0
33,ao nang,0.0
34,nang an,0.0
8,what does methane do,0.0
