,name,percent
0,nos kit,11.11111111111111
1,nos bottle,0.0
2,covid nos today,0.0
3,nos vemos,0.0
4,nos drink,0.0
5,pdd nos,0.0
6,nos journaal,0.0
7,nps,0.0
8,nos energy drink,0.0
9,nos gas,0.0
10,what does nos mean,0.0
11,fast and furious,85.71428571428571
12,nos system,10.0
13,nos fast and furious,83.33333333333334
14,da nang,0.0
15,vietnam,0.0
16,da nang vietnam,0.0
17,ning nang,0.0
18,ning nang nong,0.0
19,ao nang,0.0
20,nang an,0.0
21,nang cracker,70.0
22,what is nang,0.0
23,nang city,60.0
24,hoi an,0.0
25,nang sydney,100.0
26,what is a nang,0.0
27,melbourne nang delivery,100.0
28,the ning nang nong,0.0
29,nang meaning,0.0
30,hanoi,0.0
31,ao nang beach,12.5
32,danang,0.0
33,da nang to hoi an,0.0
34,da nang weather,0.0
35,ning nang nong song,0.0
36,ao nang krabi,0.0
37,methane gas,0.0
38,what is methane,0.0
39,methane formula,0.0
40,water,0.0
41,hydrogen,0.0
42,methane combustion,0.0
43,combustion,0.0
44,methane cows,0.0
45,oxygen,0.0
46,methane emissions,0.0
47,combustion of methane,0.0
48,what is methane gas,0.0
49,ethane,0.0
50,methane meaning,0.0
51,formula of methane,0.0
52,methane molecule,0.0
53,methane chemical formula,0.0
54,propane,0.0
55,methane greenhouse gas,0.0
56,mr methane,0.0
57,natural gas,0.0
58,methane combustion equation,0.0
59,nitrous oxide canisters for sale,70.0
60,nitrous oxide use,0.0
61,nitrous oxide buy,70.0
62,nitrous oxide laughing gas,0.0
63,nitrous oxide flammable,0.0
64,nitrous oxide dentist,0.0
65,nitrous oxide emissions,0.0
66,nitrous oxide effects on brain,0.0
67,nangs delivery melbourne,100.0
68,nangs cream chargers,88.88888888888889
69,all night nangs,57.14285714285714
70,increase nitric oxide,0.0
71,nitric oxide gas,0.0
72,beetroot nitric oxide,0.0
73,nitric oxide nasal spray,10.0
74,l arginine,0.0
75,nitric oxide booster,0.0
76,nitric oxide side effects,0.0
77,inhaled nitric oxide,0.0
78,nitrate,0.0
79,liquid nitrogen,0.0
80,tell me the formula for sodium hypobromite,0.0
81,tell me the formula for sodium hydride,0.0
82,global warming,0.0
83,climate change,0.0
84,burning methane,0.0
85,methane sibo,0.0
86,greenhouse gases,0.0
87,formula for methane,0.0
88,side effects of nitrous oxide,0.0
89,whipped cream chargers,100.0
90,whipped cream dispenser,33.33333333333333
